indices,The Guardians of Galaxy,The Avengers,Transformers 4,days
1,37.8,80.8,41.8,Day1
2,30.9,69.5,32.4,Day2
3,25.4,57.0,25.7,Day3
4,11.7,18.8,10.5,Day4
5,11.9,17.6,10.4,Day5
6,8.8,13.6,7.7,Day6
7,7.6,12.3,9.6,Day7
8,12.3,29.2,10.6,Day8
9,16.9,42.9,14.8,Day9
10,12.8,30.9,11.6,Day10
11,5.3,7.9,4.7,Day11
12,6.6,8.4,5.2,Day12
13,4.8,6.3,3.6,Day13
14,4.2,6.2,3.4,Day14
